{"stats":{"minecraft:crafted":{"minecraft:furnace":1,"minecraft:oak_planks":4,"minecraft:birch_planks":8,"minecraft:crafting_table":1,"minecraft:stick":4,"minecraft:wooden_pickaxe":1},"minecraft:picked_up":{"minecraft:birch_log":2,"minecraft:stick":2,"minecraft:wheat_seeds":1,"minecraft:wooden_pickaxe":1,"minecraft:oak_log":1,"minecraft:oak_sapling":1,"minecraft:dirt":13,"minecraft:cobblestone":16},"minecraft:dropped":{"minecraft:wheat_seeds":1,"minecraft:wooden_pickaxe":1,"minecraft:oak_sapling":1},"minecraft:custom":{"minecraft:time_since_rest":5668,"minecraft:crouch_one_cm":3550,"minecraft:play_time":5668,"minecraft:sprint_one_cm":15573,"minecraft:damage_taken":10,"minecraft:walk_one_cm":11703,"minecraft:sneak_time":1011,"minecraft:mob_kills":1,"minecraft:drop":3,"minecraft:jump":173,"minecraft:damage_dealt":220,"minecraft:time_since_death":5668,"minecraft:total_world_time":5668,"minecraft:interact_with_crafting_table":5,"minecraft:fall_one_cm":5107,"minecraft:fly_one_cm":32219},"minecraft:used":{"minecraft:dirt":13,"minecraft:crafting_table":1,"minecraft:wooden_pickaxe":18},"minecraft:killed":{"minecraft:donkey":1},"minecraft:mined":{"minecraft:grass":6,"minecraft:grass_block":6,"minecraft:oak_log":1,"minecraft:dirt":7,"minecraft:birch_log":2,"minecraft:tall_grass":1,"minecraft:stone":17,"minecraft:oak_leaves":5}},"DataVersion":3465}