{"stats":{"minecraft:crafted":{"minecraft:oak_planks":4,"minecraft:crafting_table":1,"minecraft:stick":4,"minecraft:wooden_pickaxe":1,"minecraft:stone_pickaxe":1,"minecraft:furnace":1,"minecraft:birch_planks":8,"minecraft:stone_axe":1},"minecraft:picked_up":{"minecraft:birch_log":6,"minecraft:stick":2,"minecraft:wooden_pickaxe":1,"minecraft:oak_log":1,"minecraft:dirt":19,"minecraft:wheat_seeds":1,"minecraft:oak_sapling":2,"minecraft:cobblestone":17},"minecraft:dropped":{"minecraft:wheat_seeds":1,"minecraft:oak_sapling":2,"minecraft:wooden_pickaxe":1},"minecraft:custom":{"minecraft:time_since_rest":16284,"minecraft:interact_with_furnace":1,"minecraft:sprint_one_cm":18776,"minecraft:damage_taken":200,"minecraft:walk_one_cm":17462,"minecraft:mob_kills":3,"minecraft:drop":4,"minecraft:damage_dealt":420,"minecraft:interact_with_crafting_table":6,"minecraft:fly_one_cm":36324,"minecraft:crouch_one_cm":3898,"minecraft:play_time":16284,"minecraft:sneak_time":1133,"minecraft:jump":220,"minecraft:leave_game":1,"minecraft:time_since_death":16284,"minecraft:total_world_time":16284,"minecraft:fall_one_cm":5316},"minecraft:used":{"minecraft:wooden_pickaxe":18,"minecraft:stone_axe":10,"minecraft:dirt":19,"minecraft:crafting_table":1,"minecraft:furnace":1},"minecraft:mined":{"minecraft:birch_log":6,"minecraft:grass":11,"minecraft:grass_block":10,"minecraft:oak_log":1,"minecraft:dirt":9,"minecraft:tall_grass":2,"minecraft:stone":17,"minecraft:oak_leaves":5},"minecraft:killed":{"minecraft:donkey":1,"minecraft:bee":2}},"DataVersion":3465}